"Community_number","study","year","data_type","spatial_analyses","elevation","latitude","longitude","n_plant_spp","bee","medium.large.bees","small.bees","solitary.bee","bumblebee","Halictinae.bees","hymenoptera","ants","wasps","butterfly","moth","sphingid","lepidoptera","fly..general.","beefly..Acroceridae.","syrphid.fly..Syrphidae.","muscoid.fly..Muscoidea.","beetle","flies.wasps","thysanoptera","insect.generalist","small.insects","insect..any.","bat","birds..general.","non.flying.mammals","reptiles","wind","water","abiotic","biotic","both","unknown","self.compatible","Country","locality_notes","notes","latitude.1","longitude.1","eco_name","biome","bin_biome","tropical"
27,"Medan et al. 2002. Plant-Pollinator Relationships at Two Altitudes in the Andes of Mendoza, Argentina. Arctic Antarctic and Alpine Research 34:233 ",2002,"syndrome+observation","keep",3300,-34.1666,-69.7,40,0.52,NA,NA,NA,NA,NA,0.31,NA,NA,NA,NA,NA,0.2,0.42,NA,NA,NA,0.04,NA,0.02,NA,NA,NA,NA,0,NA,NA,NA,NA,NA,NA,NA,NA,NA,"Argentina","Laguna Diamante 3300 m","Bee visitis proportion calculated from fig1 interaction network. general results provide only total visits by hymenoptera",-34.1666,-69.7,"Southern Andean steppe","Montane Grasslands & Shrublands","open","temperate"
28,"Medan et al. 2002. Plant-Pollinator Relationships at Two Altitudes in the Andes of Mendoza, Argentina. Arctic Antarctic and Alpine Research 34:233 ",2002,"syndrome+observation","keep",1900,-34,-69.17,24,0.83,NA,NA,NA,NA,NA,0.36,NA,NA,NA,NA,NA,0.04,0.42,NA,NA,NA,0.12,NA,0.01,NA,NA,NA,NA,NA,NA,NA,NA,NA,NA,NA,NA,NA,NA,"Argentina","Rio Blanco 1900m","Bee visitis proportion calculated from fig1 interaction network. general results provide only total visits by hymenoptera",-34,-69.17,"Patagonian steppe","Temperate Grasslands, Savannas & Shrublands","open","temperate"
3,"Arroyo, M. T. K., Primack, R., Armesto, J. 1982. Community studies in pollination ecology in the high temperate Andes of Chile. I. Pollination mechanisms and altitudinal variation. – Am. J. Bot. 69: 82–97.",1982,"observation","keep",2900,-33.287364,-70.295817,58,0.48,NA,NA,NA,NA,NA,NA,NA,NA,0.22,0.04,NA,NA,0.55,NA,NA,NA,0.05,NA,NA,NA,NA,NA,NA,0,NA,NA,NA,NA,0.04,0.96,NA,NA,NA,"Chile","Cordo del Cepo, western slopes of the Andes ","cushion plant communities (2700-3100)",-33.287364,-70.295817,"Southern Andean steppe","Montane Grasslands & Shrublands","open","temperate"
4,"Arroyo, M. T. K., Primack, R., Armesto, J. 1982. Community studies in pollination ecology in the high temperate Andes of Chile. I. Pollination mechanisms and altitudinal variation. – Am. J. Bot. 69: 82–97.",1982,"observation","keep",3400,-33.286462,-70.28514,45,0.13,NA,NA,NA,NA,NA,NA,NA,NA,0.32,0,NA,NA,0.68,NA,NA,NA,0,NA,NA,NA,NA,NA,NA,0.02,NA,NA,NA,NA,0.04,0.96,NA,NA,NA,"Chile","Cordo del Cepo, western slopes of the Andes ","subnival field (3200-3600)",-33.286462,-70.28514,"Southern Andean steppe","Montane Grasslands & Shrublands","open","temperate"
2,"Arroyo, M. T. K., Primack, R., Armesto, J. 1982. Community studies in pollination ecology in the high temperate Andes of Chile. I. Pollination mechanisms and altitudinal variation. – Am. J. Bot. 69: 82–97.",1982,"observation","keep",2400,-33.283134,-70.303863,91,0.68,NA,NA,NA,NA,NA,NA,NA,NA,0.18,0.03,NA,NA,0.38,NA,NA,NA,0.05,NA,NA,NA,NA,NA,NA,0.01,NA,NA,NA,NA,0.04,0.96,NA,NA,NA,"Chile","Cordo del Cepo, western slopes of the Andes ","subandean scrub (2200-2600 m)",-33.283134,-70.303863,"Southern Andean steppe","Montane Grasslands & Shrublands","open","temperate"
34,"Moldenke, AR 1979  Pollination ecology as an assay for ecosystem organization: convergent evolution in Chile and California. Phytologia 42:415-454",1979,"syndrome+observation","keep",900,-33.267,-70.85,158,0.52,NA,NA,0.53,NA,0.14,NA,NA,0.02,0.03,NA,NA,NA,NA,0.01,0.12,0.02,0.01,NA,NA,NA,NA,NA,NA,0.08,NA,NA,0.21,0.01,NA,NA,NA,NA,0.3,"Chile","Chile Mediterranean Scrub (Fundo Santa Laura Matorral)","",-33.267,-70.85,"Chilean matorral","Mediterranean Forests, Woodlands & Scrub","open","temperate"
33,"Moldenke, AR 1979  Pollination ecology as an assay for ecosystem organization: convergent evolution in Chile and California. Phytologia 42:415-454",1979,"syndrome+observation","keep",50,-32.5072,-71.4485,154,0.3,NA,NA,0.22,NA,0.05,NA,NA,0.01,0.02,NA,NA,NA,NA,0.05,0.04,0.05,0.05,NA,NA,NA,NA,NA,NA,0.05,NA,NA,0.17,0.01,NA,NA,NA,NA,0.32,"Chile","Chile Coastal Scrub (Papudo)","",-32.5072,-71.4485,"Chilean matorral","Mediterranean Forests, Woodlands & Scrub","open","temperate"
35,"Moldenke, AR 1979  Pollination ecology as an assay for ecosystem organization: convergent evolution in Chile and California. Phytologia 42:415-454",1979,"syndrome+observation","keep",50,-30.3,-70.55,105,0.2,NA,NA,0.16,NA,0,NA,NA,0.02,0.01,NA,NA,NA,NA,0.06,0.04,0.03,0.05,NA,NA,NA,NA,NA,NA,0.04,NA,NA,0.1,0.02,NA,NA,NA,NA,0.48,"Chile","Chile Coastal Succulent Scrub (Cerro Potrerillo)","",-30.3,-70.55,"Southern Andean steppe","Montane Grasslands & Shrublands","open","temperate"
36,"Moldenke, AR 1979  Pollination ecology as an assay for ecosystem organization: convergent evolution in Chile and California. Phytologia 42:415-454",1979,"syndrome+observation","keep",750,-29.4547,-71.2473,80,0.55,NA,NA,0.36,NA,0,NA,NA,0.05,0,NA,NA,NA,NA,0.09,0.01,0.04,0.04,NA,NA,NA,NA,NA,NA,0,NA,NA,0.07,0.01,NA,NA,NA,NA,0.32,"Chile","Chile Desert Scrub (El Tofo)","",-29.4547,-71.2473,"Chilean matorral","Mediterranean Forests, Woodlands & Scrub","open","temperate"
12,"Danieli‐Silva, A., de Souza, J. M. T., Donatti, A. J., Campos, R. P., Vicente‐Silva, J., Freitas, L., & Varassin, I. G. (2012). Do pollination syndromes cause modularity and predict interactions in a pollination network in tropical high‐altitude grasslands?. Oikos, 121(1), 35-43.",2012,"syndrome+observation","remove",2000,-22.963,-44.67,106,0.63,NA,NA,NA,NA,NA,NA,NA,0.23,0.06,NA,NA,NA,0.19,NA,NA,NA,0.04,0.25,NA,NA,NA,NA,NA,0.05,NA,NA,NA,NA,NA,NA,NA,NA,NA,"Brazil","Serra da Bocaina National Park","Same data from Freitas & Sazima 2006 anemophillous plants were not included; support predictive power of pollination syndrome. Obs: does not say altitude of the plots, 2000 is a proxy based on the vegetation and location",-22.963,-44.67,"Serra do Mar coastal forests","Tropical & Subtropical Moist Broadleaf Forests","closed","tropical"
15,"Freitas L, Sazima M (2006) POLLINATION BIOLOGY IN A TROPICAL HIGH-ALTITUDE GRASSLAND IN BRAZIL: INTERACTIONS AT THE COMMUNITY LEVEL Annals of the Missouri Botanical Garden, 93(3):465-516 (2006). https://doi-org.proxy.lib.umich.edu/10.3417/0026-6493(2007)93[465:PBIATH]2.0.CO;2",2006,"syndrome+observation","keep",1775,-22.963,-44.67,106,0.75,0.34,0.67,NA,NA,NA,NA,NA,0.45,0.23,NA,NA,NA,0.58,NA,0.31,NA,0.12,NA,NA,NA,NA,NA,NA,0.05,NA,NA,NA,NA,NA,NA,NA,NA,NA,"Brazil","Serra da Bocaina ","sum of large and small bees given by table 4 excluding duplicate numbers (i.e. plant spp visited by both kinds)",-22.963,-44.67,"Serra do Mar coastal forests","Tropical & Subtropical Moist Broadleaf Forests","closed","tropical"
19,"Ishara, K. L., & Maimoni-Rodella, R. D. C. S. (2011). Pollination and dispersal systems in a Cerrado remnant (Brazilian Savanna) in Southeastern Brazil. Brazilian archives of biology and technology, 54, 629-642.",2011,"syndrome+observation","keep",830,-22.95944444,-48.52222222,176,0.63,NA,NA,NA,NA,NA,NA,NA,0.02,0.02,0.04,NA,NA,0.02,NA,NA,NA,0.01,NA,NA,NA,0.18,0.92,0.02,0.02,NA,NA,0.03,NA,NA,NA,NA,NA,NA,"Brazil","Botucatu, Brazil","no visitorxplant species list",-22.95944444,-48.52222222,"Cerrado","Tropical & Subtropical Grasslands, Savannas & Shrubland","open","tropical"
52,"Silberbauer-Gottsberger, I. L. S. E., & Gottsberger, G. (1988). A polinização de plantas do cerrado. Revista Brasileira de Biologia, 48(4), 651-663.",1988,"syndrome+observation","keep",804,-22.75,-48.41666667,279,0.75,NA,NA,NA,NA,NA,NA,NA,0.15,0.16,0.02,0.02,NA,0.34,NA,NA,NA,0.15,NA,NA,NA,NA,NA,0.02,0.03,NA,NA,0.14,NA,NA,NA,NA,NA,NA,"Brazil","","No species list. data from table 3 in study of Oliveira and Gibbs 2000; coordinates for Botucatu",-22.75,-48.41666667,"Cerrado","Tropical & Subtropical Grasslands, Savannas & Shrubland","open","tropical"
1,"Aleixo, K. P., de Faria, L. B., Groppo, M., do Nascimento Castro, M. M., & da Silva, C. I. (2014). Spatiotemporal distribution of floral resources in a Brazilian city: Implications for the maintenance of pollinators, especially bees. Urban Forestry & Urban Greening, 13(4), 689-696.",2014,"syndrome","keep",655,-21.15011111,-47.85008333,289,0.67,NA,NA,NA,NA,NA,NA,NA,NA,0.04,0.02,0.01,NA,0.01,NA,NA,NA,0.01,NA,NA,NA,NA,NA,0.02,0.18,NA,NA,0.01,NA,NA,NA,NA,NA,NA,"Brazil","Ribeirao Preto, Brazil","atlantic rainforest",-21.15011111,-47.85008333,"Cerrado","Tropical & Subtropical Grasslands, Savannas & Shrubland","open","tropical"
20,"Jacobi, C. M., & Carmo, F. F. D. (2011). Life-forms, pollination and seed dispersal syndromes in plant communities on ironstone outcrops, SE Brazil. Acta Botanica Brasilica, 25, 395-412.",2011,"syndrome","keep",1048,-20.05916667,-44.00944444,232,0.3,NA,NA,NA,NA,NA,NA,NA,NA,NA,NA,NA,NA,NA,NA,NA,NA,NA,NA,NA,0.47,NA,0.77,NA,0.06,NA,NA,0.16,NA,NA,NA,NA,NA,NA,"Brazil","","n species is sum of last collumn of table 1 as I could not find raw data; coordinates are for the first site; altitude from raster",-20.05916667,-44.00944444,"Bahia interior forests","Tropical & Subtropical Moist Broadleaf Forests","closed","tropical"
26,"Martins, R., & Antonini, Y. (2016). Can pollination syndromes indicate ecological restoration success in tropical forests?. Restoration Ecology, 24(3), 373-380.",2016,"syndrome","keep",518,-20.03166667,-48.22138889,66,0.31,NA,NA,NA,NA,NA,NA,NA,NA,0.07,0.04,0.01,NA,0.13,NA,NA,NA,0.2,NA,NA,NA,0.18,NA,0.02,0.03,NA,NA,NA,NA,NA,NA,NA,NA,NA,"Brazil","The study was conducted in five patches of riparian forest (here- after referred to as sampling units) in the region of the reservoir of the Volta Grande hydroelectric power plant (HPP) located on the Rio Grande river that forms the border between Minas Gerais and São Paulo States, Brazil (20∘ 01′ 54′′ S/48∘ 13′ 17′ W)","relative abundances from table 2. sapromyophily had less than 1% and was ignored. Unclear if anemphylous are included. Thrips and microhymenoptera were combined into small insects",-20.03166667,-48.22138889,"Cerrado","Tropical & Subtropical Grasslands, Savannas & Shrubland","open","tropical"
43,"Monteiro BL , Camargo MGG, Loiola PP, Carstensen DW, Gustafsson S, Morellato LPC (2021) Pollination in the campo rupestre: a test of hypothesis for an ancient tropical mountain vegetation, Biological Journal of the Linnean Society, Volume 133, Issue 2, June 2021, Pages 512–530, https://doi.org/10.1093/biolinnean/blaa205",2021,"syndrome+observation","keep",821,-19.35,-43.6333,142,0.48,0.27,0.21,NA,NA,NA,NA,NA,NA,NA,NA,NA,NA,0.01,NA,NA,NA,NA,NA,NA,NA,NA,NA,NA,0.07,NA,NA,0.32,NA,NA,NA,NA,NA,NA,"Brazil","Serra do Cipó: Rio Cipó (821m)","Presents plant species list and visitors species list, but not related to each other. Percentages are difficult to interpret in Figue 4. Some proportions are results from literature review of scatered records of plant-pollinator interactions in Campos Rupestres",-19.35,-43.6333,"Cerrado","Tropical & Subtropical Grasslands, Savannas & Shrubland","open","tropical"
40,"Monteiro BL , Camargo MGG, Loiola PP, Carstensen DW, Gustafsson S, Morellato LPC (2021) Pollination in the campo rupestre: a test of hypothesis for an ancient tropical mountain vegetation, Biological Journal of the Linnean Society, Volume 133, Issue 2, June 2021, Pages 512–530, https://doi.org/10.1093/biolinnean/blaa205",2021,"syndrome+observation","keep",1303,-19.2833,-43.5833,144,0.52,0.22,0.3,NA,NA,NA,NA,NA,NA,NA,NA,NA,NA,0.03,NA,NA,NA,NA,NA,NA,NA,NA,NA,NA,0.05,NA,NA,0.38,NA,NA,NA,NA,NA,NA,"Brazil","Serra do Cipó: Q16 (1303m)","Presents plant species list and visitors species list, but not related to each other. Percentages are difficult to interpret in Figue 4. Some proportions are results from literature review of scatered records of plant-pollinator interactions in Campos Rupestres",-19.2833,-43.5833,"Cerrado","Tropical & Subtropical Grasslands, Savannas & Shrubland","open","tropical"
41,"Monteiro BL , Camargo MGG, Loiola PP, Carstensen DW, Gustafsson S, Morellato LPC (2021) Pollination in the campo rupestre: a test of hypothesis for an ancient tropical mountain vegetation, Biological Journal of the Linnean Society, Volume 133, Issue 2, June 2021, Pages 512–530, https://doi.org/10.1093/biolinnean/blaa205",2021,"syndrome+observation","keep",1255,-19.2833,-43.32,186,0.5,0.25,0.25,NA,NA,NA,NA,NA,NA,NA,NA,NA,NA,0.03,NA,NA,NA,NA,NA,NA,NA,NA,NA,NA,0.05,NA,NA,0.33,NA,NA,NA,NA,NA,NA,"Brazil","Serra do Cipó: Elefante (1255m)","Presents plant species list and visitors species list, but not related to each other. Percentages are difficult to interpret in Figue 4. Some proportions are results from literature review of scatered records of plant-pollinator interactions in Campos Rupestres",-19.2833,-43.32,"Cerrado","Tropical & Subtropical Grasslands, Savannas & Shrubland","open","tropical"
39,"Monteiro BL , Camargo MGG, Loiola PP, Carstensen DW, Gustafsson S, Morellato LPC (2021) Pollination in the campo rupestre: a test of hypothesis for an ancient tropical mountain vegetation, Biological Journal of the Linnean Society, Volume 133, Issue 2, June 2021, Pages 512–530, https://doi.org/10.1093/biolinnean/blaa205",2021,"syndrome+observation","keep",1420,-19.25,-43.32,136,0.48,0.18,0.3,NA,NA,NA,NA,NA,NA,NA,NA,NA,NA,0.07,NA,NA,NA,NA,NA,NA,NA,NA,NA,NA,0.03,NA,NA,0.32,NA,NA,NA,NA,NA,NA,"Brazil","Serra do Cipó: Alto Palacio (1420m)","Presents plant species list and visitors species list, but not related to each other. Percentages are difficult to interpret in Figue 4. Some proportions are results from literature review of scatered records of plant-pollinator interactions in Campos Rupestres",-19.25,-43.32,"Bahia interior forests","Tropical & Subtropical Moist Broadleaf Forests","closed","tropical"
42,"Monteiro BL , Camargo MGG, Loiola PP, Carstensen DW, Gustafsson S, Morellato LPC (2021) Pollination in the campo rupestre: a test of hypothesis for an ancient tropical mountain vegetation, Biological Journal of the Linnean Society, Volume 133, Issue 2, June 2021, Pages 512–530, https://doi.org/10.1093/biolinnean/blaa205",2021,"syndrome+observation","keep",1101,-19.2333,-43.55,137,0.47,0.22,0.25,NA,NA,NA,NA,NA,NA,NA,NA,NA,NA,0.02,NA,NA,NA,NA,NA,NA,NA,NA,NA,NA,0.04,NA,NA,0.37,NA,NA,NA,NA,NA,NA,"Brazil","Serra do Cipó: Cedro (1101m)","Presents plant species list and visitors species list, but not related to each other. Percentages are difficult to interpret in Figue 4. Some proportions are results from literature review of scatered records of plant-pollinator interactions in Campos Rupestres",-19.2333,-43.55,"Campos Rupestres montane savanna","Tropical & Subtropical Grasslands, Savannas & Shrubland","open","tropical"
47,"Pereira, C. C., Arruda, D. M., Soares, F. D. F. S., & Fonseca, R. S. (2022). The importance of pollination and dispersal syndromes for the conservation of Cerrado Rupestre fragments on ironstone outcrops immersed in an agricultural landscape. Neotropical Biology and Conservation, 17(1), 87-102.",2022,"syndrome","keep",1200,-19.19388889,-46.24694444,66,0.54,NA,NA,NA,NA,NA,NA,NA,NA,0.02,0.09,NA,NA,NA,NA,NA,NA,NA,NA,NA,0.23,NA,NA,0.03,0.03,NA,NA,NA,NA,NA,NA,NA,NA,NA,"Brazil","Rio Parnabaiba, Minas Gerais, Brazil","",-19.19388889,-46.24694444,"Cerrado","Tropical & Subtropical Grasslands, Savannas & Shrubland","open","tropical"
13,"Deus, F.F., Oliveira, P.E. Changes in floristic composition and pollination systems in a “Cerrado” community after 20 years of fire suppression. Braz. J. Bot 39, 1051–1063 (2016). https://doi-org.proxy.lib.umich.edu/10.1007/s40415-016-0304-9",2016,"syndrome","keep",800,-19.1555,-48.3888,207,0.51,0.25,0.27,NA,NA,NA,NA,NA,0.05,0,0.02,NA,NA,0.02,NA,NA,NA,0.01,NA,NA,NA,0.09,NA,0.02,0.03,NA,NA,0.08,NA,NA,NA,NA,0.15,NA,"Brazil","Panga Ecological Station, Brazil","large bees are mentioned, but not presented in the results (Table 2); edit: large bees shown in figure 3 and added to the table",-19.1555,-48.3888,"Cerrado","Tropical & Subtropical Grasslands, Savannas & Shrubland","open","tropical"
53,"Silva CI, Araújo G, Oliveira PEAM (2012) Distribuição vertical dos sistemas de polinização bióticos em áreas de cerrado sentido restrito no Triângulo Mineiro, MG, Brasil. Acta Bot Brasil 26:748–760",2012,"syndrome","keep",863,-19.0803,-48.35,178,0.83,NA,NA,NA,NA,NA,NA,NA,NA,0.02,0.01,0.04,NA,0.02,NA,NA,NA,0.02,NA,NA,NA,NA,NA,0.03,0.04,NA,NA,NA,NA,NA,NA,NA,NA,NA,"Brazil","the analyzed cerrado fragments are around Uberlandia and Araguari municipalities in MG Brazil","",-19.0803,-48.35,"Cerrado","Tropical & Subtropical Grasslands, Savannas & Shrubland","open","tropical"
25,"Martins, F. Q., & Batalha, M. A. (2006). Sistemas de polinização e caracteres florais em espécies lenhosas de cerrado na região do Alto Taquari (GO, MS e MT). Brazilian Journal of Biology, 66, 543-552.",2006,"syndrome","keep",395,-18.32695,-53.713046,99,0.56,NA,NA,NA,NA,NA,NA,NA,NA,NA,0.13,NA,NA,NA,NA,NA,NA,0.03,NA,NA,NA,0.2,NA,0.05,0.02,NA,NA,0.01,NA,NA,NA,NA,NA,NA,"Brazil","Alcinópolis (Mato Grosso do Sul State), Alto Araguaia and Alto Taquari (Mato Grosso State), and Mineiros and Santa Rita do Araguaia (Goiás State)","only woody species (i.e. anemophyly may be underestimated). Coordinates are for Alcianopolis, MS; altitude from raster",-18.32695,-53.713046,"Cerrado","Tropical & Subtropical Grasslands, Savannas & Shrubland","open","tropical"
16,"Gomes, V. G. N., Sazima, M., Arruda, R., Fischer, E., & Araujo, A. C. (2022). Temporal Patterns of Pollination and Seed Dispersal in Capões of the Southern Pantanal. In Flora and Vegetation of the Pantanal Wetland (pp. 551-577). Cham: Springer International Publishing.",2022,"syndrome","keep",350,-18,-59.5,284,0.47,NA,NA,NA,NA,NA,NA,NA,NA,0.03,NA,0.01,NA,0.06,NA,NA,NA,0.01,NA,NA,0.35,NA,NA,0.01,0.02,NA,NA,0.03,NA,NA,NA,NA,NA,NA,"Brazil","Pantanal, Brazil","altitude from raster",-18,-59.5,"Chiquitano dry forests","Tropical & Subtropical Dry Broadleaf Forests","closed","tropical"
45,"Oliveira, P. E., & Gibbs, P. E. (2000). Reproductive biology of woody plants in a cerrado community of Central Brazil. Flora, 195(4), 311-329.",2000,"syndrome+observation","keep",110,-15.86666667,-47.85,59,0.32,NA,NA,NA,NA,NA,NA,NA,NA,0,0.12,NA,NA,NA,NA,NA,NA,0.02,NA,NA,NA,0.49,NA,0.03,0.02,NA,NA,0,NA,NA,NA,NA,NA,NA,"Brazil","The present study was carried out in an area of cerrado reserve within the Brasflia Botanic Garden (BBG). The BBG, which is located to the S ofthe Federal Capital (15°52' S 47°51 ' W)","only woody plants; data from table 3; small insects and very small insects combined in the same category",-15.86666667,-47.85,"Cerrado","Tropical & Subtropical Grasslands, Savannas & Shrubland","open","tropical"
10,"Conceição, A. A., Funch, L. S., & Pirani, J. R. (2007). Reproductive phenology, pollination and seed dispersal syndromes on sandstone outcrop vegetation in the"" Chapada Diamantina"", northeastern Brazil: population and community analyses. Brazilian Journal of Botany, 30, 475-485.",2007,"syndrome","keep",1120,-12.45,-41.46666667,43,0.63,NA,NA,NA,NA,NA,NA,NA,NA,NA,NA,NA,NA,NA,NA,NA,NA,NA,NA,NA,NA,NA,NA,0.02,0.29,NA,NA,0.06,NA,NA,NA,NA,NA,NA,"Brazil","“Chapada Diamantina”, Bahia, Brazil","",-12.45,-41.46666667,"Caatinga","Deserts & Xeric Shrublands","open","tropical"
24,"Machado, I. C., & Lopes, A. V. (2004). Floral traits and pollination systems in the Caatinga, a Brazilian tropical dry forest. Annals of Botany, 94(3), 365-376.",2004,"syndrome+observation","keep",762,-8.45,-36.76666667,142,0.43,NA,NA,NA,NA,NA,NA,NA,0.01,0.04,0.01,0.12,NA,NA,NA,NA,NA,0.01,NA,NA,NA,0.12,NA,0.13,0.15,NA,NA,0.02,NA,NA,NA,NA,NA,NA,"Brazil","municipalities (Alagoinha, Bu ́ıque and Serra Talhada) located in the rural zone of Pernambuco State (PE), northeastern Brazil","three sites, but results are reported in combination. data comes from figure 2/table 4",-8.45,-36.76666667,"Caatinga","Deserts & Xeric Shrublands","open","tropical"
54,"Silva, J. B., Silva, L. B., NASCIMENTO, L., Nascimento, A. L. B., Moura, G. J. B., & Araújo, E. L. (2012). Status sucessional das florestas influenciam a frequência e diversidade de síndromes de polinização. Natureza on line, Santa Teresa, 10(3), 111-115.",2012,"syndrome","keep",200,-8.166666667,-35.18333333,26,0.69,NA,NA,NA,NA,NA,NA,NA,NA,0.15,NA,NA,NA,0.08,NA,NA,NA,NA,NA,NA,NA,NA,NA,NA,NA,NA,NA,0.08,NA,NA,NA,NA,NA,NA,"Brazil","Estação Ecológica do Tapacurá, situada no município de São Lourenço da Mata (8o10’S. 35o11’W; 102m de altitude)","only herbaceous species?Saprophyly was placed as ""fly""",-8.166666667,-35.18333333,"Pernambuco coastal forests","Tropical & Subtropical Moist Broadleaf Forests","closed","tropical"
48,"Quirino, Z. G. M., & Machado, I. C. (2014). Pollination syndromes in a Caatinga plant community in northeastern Brazil: seasonal availability of floral resources in different plant growth habits. Brazilian Journal of Biology, 74, 62-71.",2014,"syndrome","keep",250,-7.479166667,-36.905,46,0.65,NA,NA,NA,NA,NA,NA,NA,NA,0.04,0.13,NA,NA,NA,NA,NA,NA,0.04,NA,NA,NA,NA,NA,0.11,0.06,NA,NA,NA,NA,NA,NA,NA,NA,NA,"Brazil","São José dos Cordeiros Paraíba Brazil","",-7.479166667,-36.905,"Caatinga","Deserts & Xeric Shrublands","open","tropical"
55,"van Dulmen, A. (2001). Pollination and phenology of flowers in the canopy of two contrasting rain forest types in Amazonia, Colombia. In Tropical Forest Canopies: Ecology and Management: Proceedings of ESF Conference, Oxford University, 12–16 December 1998 (pp. 73-85). Springer Netherlands.",2001,"syndrome+observation","keep",175,-0.616666667,-72.33333333,105,0.42,NA,NA,NA,NA,NA,NA,NA,0.05,0.06,0.05,NA,NA,NA,NA,NA,NA,0.07,NA,NA,NA,0.07,NA,0.02,0.08,NA,NA,0.01,NA,NA,NA,NA,0.12,NA,"Colombia","The study was conducted near Pena Roja, a small indigenous settlement, in the center of Colombian Amazonia along the Caqueta River. The region is sit- uated at 0°37' Sand 72°20' W at an altitude of about 150-200 m","No visitor species list (only categories). some species were included in more than one syndrome by the authors; ""almost all plants depend on animal vectors for the pollination of their flowers."". We combined small and large bees in a single one and averaged values for terra firme and floodplains. N total was also averaged among both areas and summed between epiphytes and other categories. percentages for most syndromes were based on figure 2 as no raw data was found. ideally would redo calculations with raw data",-0.616666667,-72.33333333,"Caqueta moist forests","Tropical & Subtropical Moist Broadleaf Forests","closed","tropical"
49,"Ramirez, N. (1993). Reproductive biology in a tropical shrubland of Venezuelan Guayana. Journal of Vegetation Science, 4(1), 5-12.",1993,"syndrome","keep",1350,5.583333333,-61.71666667,56,0.76,0.69,0.15,NA,NA,NA,NA,NA,0.17,NA,NA,0.02,0.15,0.11,NA,NA,NA,0.02,NA,NA,NA,NA,NA,NA,0.13,NA,NA,0.11,NA,NA,NA,NA,NA,NA,"Venezuela","The research area is a tropical shrubland in the Gran Sabana, Venezuelan Guayana, ca. 50kmwest of Fuerte Luepa (5""35'N, 61""43'W), ","Data from ""pollination syndrome"" appendix 1; n is the number of plant species where pol syndrome was identified in the table; lumped all bees together",5.583333333,-61.71666667,"Guianan savanna","Tropical & Subtropical Grasslands, Savannas & Shrubland","open","tropical"
50,"Ramírez, N. (2004). Ecology of pollination in a tropical Venezuelan savanna. Plant Ecology, 173, 171-189.",2004,"syndrome","remove",74,8.933333333,-67.41666667,164,0.39,NA,NA,NA,NA,NA,NA,NA,0.11,0.14,0.06,NA,NA,0.13,NA,NA,NA,0.02,NA,NA,NA,NA,NA,0.02,0.03,NA,NA,0.1,NA,NA,NA,NA,NA,NA,"Venezuela","Estación Biológica de los Llanos","",8.933333333,-67.41666667,"Llanos","Tropical & Subtropical Grasslands, Savannas & Shrubland","open","tropical"
51,"Ramirez, N., & Brito, Y. (1992). Pollination biology in a palm swamp community in the Venezuelan Central Plains. Botanical Journal of the Linnean Society, 110(4), 277-302.",1992,"syndrome+observation","keep",74,8.933333333,-67.41666667,33,0.61,NA,NA,NA,NA,NA,NA,NA,0.09,0.09,NA,NA,NA,0.12,NA,NA,NA,0.03,NA,NA,NA,NA,NA,NA,0.06,NA,NA,0.15,NA,NA,NA,NA,NA,NA,"Venezuela","","Data from ""Pollination system"" column from Appendix 1. Numbers don’t sum 100% because some species present more than one system",8.933333333,-67.41666667,"Llanos","Tropical & Subtropical Grasslands, Savannas & Shrubland","open","tropical"
22,"Koptur, S., Haber, W. A., Frankie, G. W., & Baker, H. G. (1988). Phenological studies of shrub and treelet species in tropical cloud forests of Costa Rica. Journal of Tropical Ecology, 4(4), 323-346.",1988,"syndrome+observation","keep",1475,10.303633,-84.810476,107,0.22,NA,NA,NA,NA,NA,NA,NA,NA,0.02,NA,0.04,NA,0.009,NA,NA,NA,0.07,NA,NA,0.32,NA,NA,NA,0.11,NA,NA,NA,NA,NA,NA,NA,0.17,NA,"Costa Rica","The study area, Monteverde, is in Puntarenas Province (Figure 1), situated between 1320 m and 1600 m elevation, including three forest types (according to the Holdridge (1967) system of life zones, two forest types and the transi- tion zone in between). The lowest area (Lower Montane Wet Forest, sensu Holdridge) is in woods on farms in the community of Monteverde (elevation 1320-1460 m above sea level). The middle area (Lower Montane Wet Forest/ Rain Forest Transition) is a large tract of privately owned forest (elevation 1480-1520 m) continguous with the highest area, the Monteverde Cloud Forest Biological Reserve (Lower Montane Rain Forest sensu Holdridge, or 'Cloud Forest', elevation 1550-1650 m), a large area of pristine forest managed by the Tropical Science Center, San Jose, Costa Rica. Other descriptions of these sites have been given by Buskirk & Buskirk (1976), Feinsinger (1976), Powell (1979), Lawton & Dryer (1981), and Hartshorn (in Janzen 1983)","combination of morphology and actual observations. no list of plant species x animal visitor species",10.303633,-84.810476,"Costa Rican seasonal moist forests","Tropical & Subtropical Moist Broadleaf Forests","closed","tropical"
21,"Kang H, Bawa KS (2003) Effects of successional status, habitat, sexual systems, and pollinators on flowering patterns in tropical rain forest trees. Am J Bot 90:865–876",2003,"syndrome+observation","keep",157,10.3333,-83.9833,145,0.48,0.42,0.27,NA,NA,NA,NA,NA,0.03,0.08,0.11,0.06,NA,0.03,NA,NA,NA,0.13,NA,NA,NA,NA,NA,0.06,8,NA,NA,0.05,NA,NA,NA,NA,NA,NA,"Costa Rica","La Selva Biological Reserve","no visitor species list (only categories); altitude from raster; number 0.48 comes from table 1, ""For tree species with only one type of vector identified, medium/large-sized bees were the most frequent vector (29.0%)."" ",10.3333,-83.9833,"Isthmian-Atlantic moist forests","Tropical & Subtropical Moist Broadleaf Forests","closed","tropical"
7,"Bawa, K. S., Bullock, S. H., Perry, D. R., Coville, R. E., & Grayum, M. H. (1985). Reproductive biology of tropical lowland rain forest trees. II. Pollination systems. American journal of botany, 72(3), 346-356.",1985,"syndrome+observation","keep",85,10.422885,-84.022085,143,0.41,NA,NA,NA,NA,NA,NA,NA,0.04,0.05,0.08,0.08,NA,NA,NA,NA,NA,0.07,NA,NA,NA,0.16,NA,0.03,0.04,NA,NA,0.02,NA,NA,NA,NA,NA,NA,"Costa Rica","the study was conducted at the La Selva Field Sta- tion of the Organization for Tropical Studies in Costa Rica.","data from table 1; small and medium/large bee categories were combined. no plant splist x animal vistors sp (only categories)",10.422885,-84.022085,"Isthmian-Atlantic moist forests","Tropical & Subtropical Moist Broadleaf Forests","closed","tropical"
46,"Opler, P. A., Baker, H. G., & Frankie, G. W. (1980). Plant reproductive characteristics during secondary succession in neotropical lowland forest ecosystems. Biotropica, 40-46.",1980,"syndrome","remove",90,10.422885,-84.022085,162,0.63,NA,NA,NA,NA,NA,NA,NA,0.19,0.12,0.12,NA,NA,NA,NA,NA,NA,0.03,NA,NA,NA,NA,NA,0.03,0.1,NA,NA,0.06,NA,NA,NA,NA,NA,NA,"Costa Rica"," These two areas, Finca La Selva, Heredia Prov- ince, and Guanacaste Province, respectively, have been described in detail elsewhere (Frankie et al. 1974),; ""he La Selva property is a roughly rectangular, 700 ha area of largely undisturbed Lowland Rain forest and is located at about 140 m altitude in Heredia Province (latitude 10? 25' N, Fig. 1""","table 1, numbers for ""three years""; small bees were combined with medium and large bees. Moth and butterflies were reported together",10.422885,-84.022085,"Isthmian-Atlantic moist forests","Tropical & Subtropical Moist Broadleaf Forests","closed","tropical"
6,"Barrios, Y., & Ramírez, N. (2020). Biología floral y solapamiento fenológico de las angiospermas de un bosque inundable, cuenca del lago de Maracaibo, Venezuela. Acta botánica mexicana, (127).",2020,"syndrome","keep",16,10.44611111,-71.44563889,48,0.62,NA,NA,NA,NA,NA,NA,NA,NA,NA,0.13,NA,NA,0.02,NA,NA,NA,0.02,NA,NA,NA,NA,NA,NA,0.02,NA,NA,0.18,NA,NA,NA,NA,NA,NA,"Venezuela","Costa oriental del lago de Maracaibo, Venezuela","",10.44611111,-71.44563889,"Amazon-Orinoco-Southern Caribbean mangroves","Mangroves","open","tropical"
18,"Hilje, B., Calvo-Alvarado, J., Jiménez-Rodríguez, C., & Sánchez-Azofeifa, A. (2015). Tree species composition, breeding systems, and pollination and dispersal syndromes in three forest successional stages in a tropical dry forest in Mesoamerica. Tropical Conservation Science, 8(1), 76-94.",2015,"syndrome","keep",178,10.81472222,-85.615,75,0.61,NA,NA,NA,NA,NA,NA,NA,NA,0.23,NA,NA,NA,NA,NA,NA,NA,NA,NA,NA,NA,NA,NA,0.05,0.03,NA,NA,0.08,NA,NA,NA,NA,NA,NA,"Costa Rica","Santa Rosa National Park (SRNP), on the North-Western coast of Costa Rica ","values and number of species for late successional state, table 3; altitude from raster",10.81472222,-85.615,"Central American dry forests","Tropical & Subtropical Dry Broadleaf Forests","closed","tropical"
56,"XENA de ENRECH, N., & MADRIZ, R. (1994). ASPECTOS DE LA BIOLOGIA DE POLINIZACION EN EL BOSQUE ENANO DE LA CIMA DEL «CERRO COPEY»(ISLA MARGARITA). Acta Botánica Venezuelica, 35-68.",1994,"syndrome","keep",840,11.008563,-63.899038,57,0.88,NA,NA,NA,NA,NA,NA,NA,NA,0.26,NA,0.03,NA,NA,NA,NA,NA,NA,NA,NA,NA,NA,NA,NA,0.05,NA,NA,0.05,NA,NA,NA,NA,NA,NA,"Venezuela","","small diptera were included in melitophylous flowers",11.008563,-63.899038,"Araya and Paria xeric scrub","Deserts & Xeric Shrublands","open","tropical"
11,"Cortés-Flores J, Hernández-Esquivel KB, González-Rodríguez A, Ibarra-Manríquez G (2017) Flowering phenology, growth forms and pollination syndromes in a tropical dry forest species: influence of phylogeny and abiotic factors. Am J Bot 104:39–49",2017,"syndrome","keep",845,18.6333,-101.6333,154,0.57,0.46,0.09,NA,NA,NA,NA,NA,NA,0.03,0.09,NA,NA,NA,NA,NA,NA,NA,NA,NA,NA,0.18,NA,0.04,0.06,NA,NA,0.04,NA,NA,NA,NA,NA,NA,"Mexico","Churumuco, Michoacán, Mexico","",18.6333,-101.6333,"Balsas dry forests","Tropical & Subtropical Dry Broadleaf Forests","closed","tropical"
17,"Hernández, H. M., & Carreón-Abud, Y. (1987). Notas sobre la ecología reproductiva de árboles en un bosque mesófilo de montaña en Michoacán, México. Botanical Sciences, (47), 25-35.",1987,"syndrome+observation","keep",2350,19.441601,-101.626594,13,0.23,NA,NA,NA,NA,NA,NA,NA,NA,NA,NA,NA,NA,NA,NA,NA,NA,NA,NA,NA,NA,NA,0.77,NA,NA,NA,NA,NA,NA,NA,NA,NA,NA,NA,"Mexico","sitio permanente de obser- vación ubicado a 7.8 km al sur de Pátzcuaro, Michoacán, el cual se encuentra enclavado en la Cordillera del Eje Neovolcánico a 2 350 msnm.","",19.441601,-101.626594,"Trans-Mexican Volcanic Belt pine-oak forests","Tropical & Subtropical Coniferous Forests","closed","tropical"
14,"Faife-Cabrera, M., Díaz-Alvarez, E., Cañizares-Morera, M., & Torres-Roche, E. M. (2012). Síndromes de Polinización y Dispersión de Endemismos en las Serpentinitas al Suroeste de Santa Clara, Cuba. Centro Agrícola, 39(2), 61-66.",2012,"syndrome","keep",109,22.4,-79.98333333,60,0.47,NA,NA,NA,NA,NA,NA,NA,NA,0.08,0.22,NA,NA,0.02,NA,NA,NA,0.1,NA,NA,NA,NA,0.9,0.03,0.05,NA,NA,0.03,NA,NA,NA,NA,NA,NA,"Cuba","serpentinas al suroeste de Santa Clara, en la provincia de Villa Clara, Cuba","altitude from raster",22.4,-79.98333333,"Cuban dry forests","Tropical & Subtropical Dry Broadleaf Forests","closed","tropical"
9,"Caballero, D. F., Ramos, D. R., Valdés, N. P., & García, J. G. (2021). Síndromes de polinización y dispersión del complejo de vegetación de costa arenosa de Playa Las Coloradas, Ciego de Ávila, Cuba. Revista ECOVIDA, 11(1), 103-112.",2021,"syndrome","keep",7.5,22.5333,-78.3556,24,0.46,NA,NA,NA,NA,NA,NA,NA,NA,0.29,NA,NA,NA,NA,NA,NA,NA,0.08,NA,NA,NA,NA,NA,0.04,NA,NA,NA,0.12,NA,NA,NA,NA,NA,NA,"Cuba","Ciego de Ávila, Cuba","",22.5333,-78.3556,"Cuban moist forests","Tropical & Subtropical Moist Broadleaf Forests","closed","tropical"
32,"Moldenke, AR 1979  Pollination ecology as an assay for ecosystem organization: convergent evolution in Chile and California. Phytologia 42:415-454",1979,"syndrome+observation","keep",150,32.7387,-115.9942,140,0.42,NA,NA,0.29,NA,0.02,NA,NA,0.04,NA,NA,NA,0.02,NA,0.03,0.04,0.03,0.03,NA,NA,NA,NA,NA,NA,0.03,NA,NA,0.11,0,NA,NA,NA,NA,0.38,"United States ","California Desert Scrub (Ocotillo)","",32.7387,-115.9942,"Sonoran desert","Deserts & Xeric Shrublands","open","temperate"
31,"Moldenke, AR 1979  Pollination ecology as an assay for ecosystem organization: convergent evolution in Chile and California. Phytologia 42:415-454",1979,"syndrome+observation","keep",1800,32.8675,-116.4188,84,0.59,NA,NA,0.41,NA,0.01,NA,NA,0.03,NA,NA,NA,0.01,NA,0.01,0,0.01,0.04,NA,NA,NA,NA,NA,NA,0.08,NA,NA,0.2,0,NA,NA,NA,NA,0.13,"United States ","California Decidous forest (Mount Laguna)","",32.8675,-116.4188,"California coastal sage and chaparral","Mediterranean Forests, Woodlands & Scrub","open","temperate"
29,"Moldenke, AR 1979  Pollination ecology as an assay for ecosystem organization: convergent evolution in Chile and California. Phytologia 42:415-454",1979,"syndrome+observation","keep",50,32.8918,-117.2404,140,0.5,NA,NA,0.27,NA,0.07,NA,NA,0.01,NA,NA,NA,0.02,NA,0.01,0.02,0.01,0.03,NA,NA,NA,NA,NA,NA,0.03,NA,NA,0.15,0.03,NA,NA,NA,NA,0.33,"United States ","California Coastal Scrub (Torrey Pines)","No species list presented. Percentage of bees visiting flowers was calculated by the numer of plant species present in table 4 divided by the number of plant species according to the H columm",32.8918,-117.2404,"California coastal sage and chaparral","Mediterranean Forests, Woodlands & Scrub","open","temperate"
30,"Moldenke, AR 1979  Pollination ecology as an assay for ecosystem organization: convergent evolution in Chile and California. Phytologia 42:415-454",1979,"syndrome+observation","keep",1000,34.1142,-116.4322,157,0.36,NA,NA,0.41,NA,0.07,NA,NA,0.03,NA,NA,NA,0.01,NA,0.03,0,0.03,0,NA,NA,NA,NA,NA,NA,0.14,NA,NA,0.1,0,NA,NA,NA,NA,0.09,"United States ","California Mediterranean Scrub (Echo Valley)","",34.1142,-116.4322,"Mojave desert","Deserts & Xeric Shrublands","open","temperate"
37,"Moldenke, AR 1979  Pollination ecology within Sierra Nevada. Phytologia 42:223-282",1979,"syndrome+observation","keep",1750,37.0319,-118.4601,182,0.66,NA,NA,0.3,0.21,NA,NA,NA,0.03,0.04,0,0.03,NA,NA,0.17,0.03,0.02,0.05,NA,NA,NA,NA,NA,NA,0.03,NA,NA,0.12,NA,NA,NA,NA,NA,0.25,"United States ","Mather Forest","Plant x bee species list. Results presented in Table 2, do not contain all the areas described in the paper, for example present only Stanford grasslands, but is not clear about Stanford Oak Medrone Forest or Stanford Chaparral. This data will be retrieved from other paper Moldenke 1979 Californa pollination ecology; numbers for bees in page 256",37.0319,-118.4601,"Sierra Nevada forests","Temperate Conifer Forests","closed","temperate"
38,"Moldenke, AR 1979  Pollination ecology within Sierra Nevada. Phytologia 42:223-282",1979,"syndrome+observation","keep",3400,37.9066,-119.2548,126,0.52,NA,NA,0.19,0.19,NA,NA,NA,0,0.04,0,0.05,NA,NA,0.02,0,0.16,0.05,NA,NA,NA,NA,NA,NA,0.05,NA,NA,0.29,NA,NA,NA,NA,NA,0.22,"United States ","Subalpine Forest (Tioga Pass)","numbers for bees in page 256",37.9066,-119.2548,"Sierra Nevada forests","Temperate Conifer Forests","closed","temperate"
5,"Barrett, S. C., & Helenurm, K. (1987). The reproductive biology of boreal forest herbs. I. Breeding systems and pollination. Canadian Journal of Botany, 65(10), 2036-2046.",1987,"syndrome+observation","keep",111,46.5537,-66.1364,12,0.33,NA,NA,NA,NA,NA,NA,NA,NA,NA,NA,NA,NA,0.17,NA,NA,NA,NA,NA,NA,0.58,NA,NA,NA,NA,NA,NA,NA,NA,NA,NA,NA,NA,NA,"Canadda","","herbaceous only; data comes from table 1. note that Ollerton scored this differently",46.5537,-66.1364,"Gulf of St. Lawrence lowland forests","Temperate Broadleaf & Mixed Forests","closed","temperate"
